FIPS,POP,SUM,RATE
01001,55347,423,764.27
01003,203709,838,411.37
01009,57673,1171,2030.41
01011,10696,49,458.12
01015,115620,158,136.65
01017,34123,70,205.14
01019,25859,360,1392.17
01025,24675,67,271.53
01027,13555,66,486.91
01029,15018,152,1012.12
01031,51211,150,292.91
01037,10724,212,1976.87
01039,37835,41,108.37
01043,82005,963,1174.32
01045,49565,178,359.12
01047,41131,503,1222.92
01049,71130,737,1036.13
01051,81468,737,904.65
01055,103057,543,526.89
01057,16759,74,441.55
01061,26777,242,903.76
01063,8479,154,1816.25
01069,104173,778,746.83
01073,660367,2984,451.87
01075,13886,70,504.1
01079,33115,399,1204.89
01081,156993,1432,912.14
01087,19105,87,455.38
01089,353089,2397,678.87
01091,20028,179,893.75
01095,94725,459,484.56
01097,415395,2155,518.78
01099,21673,83,382.96
01101,226519,515,227.35
01109,33046,151,456.94
01113,59660,308,516.26
01115,87074,637,731.56
01119,13103,49,373.96
01121,80862,793,980.68
01123,40844,130,318.28
01125,203976,1568,768.72
04003,126427,578,457.18
04005,139097,391,281.1
04007,53159,560,1053.44
04009,37666,165,438.06
04012,20152,350,1736.8
04015,204737,2118,1034.5
04017,108277,384,354.65
04021,406584,1666,409.76
04023,46461,118,253.98
04025,222255,1053,473.78
04027,204275,943,461.63
05001,18433,73,396.03
05003,20838,175,839.81
05005,41053,686,1671.01
05007,249672,159,63.68
05009,37222,468,1257.32
05011,11094,59,531.82
05013,5229,79,1510.81
05015,27704,254,916.84
05017,11027,89,807.11
05019,22633,81,357.88
05023,25467,439,1723.8
05025,8311,182,2189.87
05027,24114,90,373.23
05029,21019,280,1332.13
05031,104354,363,347.85
05033,61703,309,500.79
05035,48963,409,835.32
05043,18778,82,436.68
05045,121552,865,711.63
05049,12204,80,655.52
05051,97177,279,287.1
05053,18102,195,1077.23
05057,22084,172,778.84
05061,13300,77,578.95
05063,37052,520,1403.43
05065,13445,230,1710.67
05067,17338,164,945.9
05069,71565,492,687.49
05071,26141,154,589.11
05077,9650,114,1181.35
05079,13820,54,390.74
05081,12472,103,825.85
05083,21714,198,911.85
05085,71645,449,626.7
05087,15767,213,1350.92
05089,16185,275,1699.1
05091,43908,256,583.04
05093,43738,270,617.31
05095,7399,33,446.01
05105,10189,124,1217
05109,10824,83,766.81
05111,24040,180,748.75
05115,63390,400,631.01
05117,8291,70,844.29
05119,392664,2066,526.15
05121,17469,152,870.11
05123,26589,326,1226.07
05125,117460,187,159.2
05127,10513,87,827.55
05131,127780,268,209.74
05133,17290,114,659.34
05139,40144,333,829.51
05141,16771,185,1103.09
05143,225477,749,332.18
05145,79161,798,1008.07
05147,6741,68,1008.75
05149,21713,207,953.35
06001,1638215,2802,171.04
06003,1110,42,3783.78
06005,37001,482,1302.67
06007,225411,1573,697.84
06009,44828,807,1800.21
06011,21482,195,907.74
06013,1126745,1831,162.5
06015,27254,508,1863.95
06017,184452,1868,1012.73
06019,974861,4363,447.55
06021,28017,417,1488.38
06023,135727,1402,1032.96
06025,180191,799,443.42
06027,18260,252,1380.07
06029,882176,12313,1395.75
06031,150965,557,368.96
06033,64591,628,972.27
06035,31345,250,797.58
06037,10170292,20604,202.59
06039,154998,1474,950.98
06041,261221,801,306.64
06043,17531,250,1426.05
06045,87649,592,675.42
06047,268455,2015,750.59
06049,8965,60,669.27
06051,13909,78,560.79
06053,433898,1383,318.74
06055,142456,338,237.27
06057,98877,542,548.16
06059,3169776,1128,35.59
06061,375391,1260,335.65
06063,18409,422,2292.36
06065,2361026,8152,345.27
06067,1501335,10475,697.71
06069,58792,185,314.67
06071,2128133,5448,256
06073,3299521,5799,175.75
06077,726106,3342,460.26
06079,281401,1144,406.54
06081,765135,3569,466.45
06083,444769,1489,334.78
06085,1918044,1874,97.7
06087,274146,1961,715.31
06089,179533,1210,673.97
06091,2967,32,1078.53
06093,43554,216,495.94
06095,436092,486,111.44
06097,502146,1586,315.84
06099,538388,1972,366.28
06101,96463,653,676.94
06103,63308,567,895.62
06105,13069,251,1920.58
06107,459863,2227,484.27
06109,53709,838,1560.26
06111,850536,702,82.54
06113,213016,363,170.41
06115,74492,1051,1410.89
08001,491337,3358,683.44
08007,12352,171,1384.39
08009,3615,5,138.31
08011,5830,183,3138.94
08013,319372,702,219.81
08015,18658,60,321.58
08017,1829,17,929.47
08025,5562,66,1186.62
08027,4445,75,1687.29
08033,1978,23,1162.79
08035,322387,2416,749.41
08037,53605,218,406.68
08039,24735,10,40.43
08041,674471,2835,420.33
08043,46692,233,499.01
08045,58095,275,473.36
08047,5828,108,1853.12
08051,16067,27,168.05
08055,6492,175,2695.63
08061,1423,16,1124.39
08063,7758,46,592.94
08067,54688,247,451.65
08069,333577,964,288.99
08071,14058,69,490.82
08075,22036,142,644.4
08077,148513,1223,823.5
08081,12937,25,193.24
08083,26168,151,577.04
08085,40946,196,478.68
08087,28360,148,521.86
08089,18343,113,616.04
08093,16510,106,642.04
08095,4349,4,91.98
08097,17787,25,140.55
08099,11954,18,150.58
08101,163591,1103,674.24
08105,11543,58,502.47
08107,24130,53,219.64
08111,701,10,1426.53
08113,7879,7,88.84
08117,30257,273,902.27
08119,23385,66,282.23
08121,4864,77,1583.06
08123,285174,800,280.53
08125,10146,48,473.09
10003,556779,5037,904.67
12001,259964,2555,982.83
12003,27420,396,1444.2
12005,181635,2552,1405.02
12007,26928,291,1080.66
12009,568088,4088,719.61
12011,1896425,1043,55
12013,14462,108,746.78
12015,173115,2134,1232.71
12017,141058,2412,1709.93
12019,203967,3386,1660.07
12021,357305,4748,1328.84
12023,68348,1052,1539.18
12027,35458,616,1737.27
12029,16203,232,1431.83
12033,311003,8647,2780.36
12035,105392,1194,1132.91
12037,11761,270,2295.72
12039,46036,341,740.72
12041,17199,178,1034.94
12043,13670,148,1082.66
12045,15871,185,1165.65
12047,14295,227,1587.97
12049,27502,317,1152.64
12051,39119,756,1932.56
12053,178439,2723,1526.01
12055,99491,1964,1974.05
12057,1349050,13105,971.42
12059,19324,230,1190.23
12061,147919,1672,1130.35
12065,14081,226,1605
12067,8663,50,577.17
12069,325875,2676,821.17
12071,701982,5868,835.92
12073,286272,1769,617.94
12075,39832,989,2482.93
12077,8331,85,1020.29
12079,18408,283,1537.38
12081,363369,6018,1656.17
12083,343254,5001,1456.94
12085,156283,1821,1165.19
12086,2693117,37175,1380.37
12087,77482,867,1118.97
12089,78444,1093,1393.35
12091,198664,2910,1464.78
12093,39469,942,2386.68
12095,1288126,25706,1995.61
12097,323993,5187,1600.96
12099,1422789,10726,753.87
12101,497909,7908,1588.24
12103,949827,4297,452.4
12105,650092,6255,962.17
12107,72023,921,1278.76
12109,226640,2385,1052.33
12111,298563,1419,475.28
12113,167040,1569,939.3
12115,405549,4658,1148.57
12117,449144,2996,667.05
12119,118891,1060,891.57
12121,43760,580,1325.41
12123,22493,300,1333.75
12125,15234,130,853.35
12127,517887,2751,531.2
12129,31535,578,1832.88
12131,63508,869,1368.33
12133,24687,164,664.32
13019,18963,183,965.04
13023,12243,121,988.32
13027,15658,246,1571.08
13029,35137,324,922.1
13033,22745,252,1107.94
13035,23593,386,1636.08
13043,10886,50,459.31
13057,235900,1219,516.74
13063,273955,8804,3213.67
13067,741334,80,10.79
13075,17124,167,975.24
13077,138427,1603,1158.01
13095,91332,56,61.31
13097,140733,322,228.8
13101,4040,22,544.55
13111,24303,305,1254.99
13113,110714,396,357.68
13117,212438,1500,706.09
13119,22311,237,1062.26
13123,29400,399,1357.14
13139,193535,1567,809.67
13141,8551,65,760.15
13143,28854,530,1836.83
13149,11539,114,987.95
13159,13635,262,1921.53
13163,16106,97,602.26
13169,28494,325,1140.59
13173,10312,139,1347.94
13175,47731,615,1288.47
13177,29202,535,1832.07
13189,21540,206,956.36
13195,28441,462,1624.42
13197,8761,31,353.84
13199,21190,299,1411.04
13205,22574,293,1297.95
13213,39565,132,333.63
13217,105473,902,855.2
13223,152238,2182,1433.28
13225,26720,181,677.4
13229,19103,352,1842.64
13231,17941,213,1187.22
13235,11396,259,2272.73
13251,14162,149,1052.11
13275,45063,537,1191.67
13281,11182,111,992.67
13283,6785,39,574.8
13297,88399,483,546.39
13299,35370,515,1456.04
13311,28319,158,557.93
13317,9867,52,527.01
13319,9155,44,480.61
15009,164637,5433,3299.99
16001,434211,852,196.22
16003,3843,53,1379.13
16005,83744,42,50.15
16009,9052,61,673.88
16011,44990,181,402.31
16013,21592,23,106.52
16015,7058,79,1119.3
16017,41859,368,879.14
16019,110089,716,650.38
16023,2501,8,319.87
16025,1066,11,1031.89
16027,207478,547,263.64
16031,23506,291,1237.98
16033,880,6,681.82
16037,4087,20,489.36
16039,25876,84,324.63
16041,13074,42,321.25
16043,12819,44,343.24
16045,16852,86,510.33
16047,15284,60,392.57
16049,16272,89,546.95
16051,27157,87,320.36
16053,22814,108,473.39
16055,150346,856,569.35
16057,38778,103,265.61
16059,7735,15,193.92
16061,3789,54,1425.18
16063,5297,43,811.78
16065,38273,76,198.57
16067,20461,94,459.41
16069,40048,91,227.23
16071,4281,24,560.62
16073,11310,90,795.76
16075,22896,99,432.39
16077,7648,39,509.94
16079,12432,120,965.25
16081,10564,48,454.37
16083,82375,178,216.08
16085,10103,80,791.84
16087,9984,21,210.34
17003,6780,59,870.21
17007,53585,173,322.85
17009,6829,11,161.08
17011,33587,142,422.78
17015,14616,30,205.25
17017,12847,32,249.09
17019,208861,453,216.89
17025,13428,48,357.46
17027,37786,82,217.01
17029,52521,114,217.06
17031,5238216,1266,24.17
17033,19414,82,422.38
17035,10898,14,128.46
17037,104352,113,108.29
17041,19823,38,191.7
17043,933736,515,55.15
17045,17664,36,203.8
17049,34371,123,357.86
17051,22043,64,290.34
17053,13736,63,458.65
17055,39485,231,585.03
17057,35699,184,515.42
17059,5265,43,816.71
17061,13241,29,219.02
17063,50541,99,195.88
17065,8200,49,597.56
17073,49489,57,115.18
17075,28672,161,561.52
17077,59362,328,552.54
17079,9607,104,1082.54
17081,38353,345,899.54
17083,22372,140,625.78
17085,22086,80,362.22
17087,12762,119,932.46
17089,530847,367,69.13
17091,110879,306,275.98
17093,123355,277,224.56
17095,51441,222,431.56
17097,703910,875,124.31
17099,111333,200,179.64
17103,34584,102,294.93
17105,36671,124,338.14
17107,29494,74,250.9
17109,31333,27,86.17
17111,307343,322,104.77
17113,173166,147,84.89
17115,107303,320,298.22
17117,46045,260,564.67
17119,266209,1185,445.14
17121,38339,245,639.04
17123,11982,27,225.34
17125,13701,97,707.98
17129,12444,61,490.2
17133,33879,43,126.92
17135,28898,175,605.58
17137,34828,119,341.68
17139,14931,46,308.08
17141,51659,162,313.59
17143,186221,921,494.57
17145,21543,74,343.5
17147,16387,79,482.09
17149,15989,52,325.22
17155,5644,20,354.36
17157,32852,22,66.97
17161,146133,276,188.87
17167,198712,671,337.67
17169,7032,17,241.75
17171,5092,15,294.58
17173,21775,50,229.62
17175,5788,42,725.64
17177,45749,123,268.86
17183,79282,490,618.05
17185,11542,2,17.33
17191,16423,123,748.95
17195,57079,96,168.19
17197,687263,783,113.93
17199,67466,256,379.45
17201,287078,640,222.94
17203,39227,128,326.31
18003,368450,826,224.18
18005,81162,453,558.14
18009,12298,24,195.15
18023,32609,194,594.93
18043,76778,297,386.83
18047,22872,141,616.47
18051,33775,148,438.19
18053,67979,290,426.6
18059,72520,293,404.03
18067,82556,182,220.46
18071,44069,289,655.79
18075,21121,60,284.08
18079,27897,99,354.88
18091,110884,473,426.57
18093,45495,169,371.47
18095,129723,406,312.97
18127,167688,388,231.38
18131,12889,159,1233.61
18143,23744,225,947.61
18145,44478,212,476.64
18149,22958,232,1010.54
18151,34372,334,971.72
18157,185826,541,291.13
18163,181877,533,293.06
18167,107896,218,202.05
18173,61897,596,962.89
18177,67001,153,228.35
18181,24293,56,230.52
19001,7228,24,332.04
19003,3796,23,605.9
19005,13886,27,194.44
19007,12529,78,622.56
19013,133455,143,107.15
19015,26643,65,243.97
19017,24722,28,113.26
19019,21062,148,702.69
19021,20493,53,258.62
19023,14915,32,214.55
19025,9818,39,397.23
19029,13427,48,357.49
19031,18340,55,299.89
19033,43017,108,251.06
19035,11574,14,120.96
19037,12097,39,322.39
19039,9259,43,464.41
19041,16507,24,145.39
19043,17644,52,294.72
19045,47768,109,228.19
19047,17094,6,35.1
19051,8769,5,57.02
19055,17403,50,287.31
19057,40055,132,329.55
19059,17111,34,198.7
19061,97125,127,130.76
19063,9769,7,71.66
19069,10295,1,9.71
19071,6906,54,781.93
19075,12435,70,562.93
19077,10676,47,440.24
19079,15190,60,395
19081,10974,37,337.16
19083,17367,94,541.26
19085,14265,50,350.51
19087,19950,89,446.12
19089,9410,35,371.94
19091,9555,41,429.09
19093,7028,78,1109.85
19095,16401,63,384.12
19097,19444,26,133.72
19099,36827,50,135.77
19101,17555,28,159.5
19103,144251,261,180.93
19109,15165,38,250.58
19111,35089,123,350.54
19115,11185,81,724.18
19117,8682,80,921.45
19119,11745,68,578.97
19121,15753,28,177.74
19123,22324,87,389.72
19125,33294,63,189.22
19127,40746,136,333.78
19129,14844,115,774.72
19131,10832,5,46.16
19133,8979,53,590.27
19135,7973,25,313.56
19139,43011,77,179.02
19141,13984,78,557.78
19143,6154,87,1413.71
19145,15527,29,186.77
19147,9133,63,689.81
19149,24800,58,233.87
19153,467711,934,199.7
19155,93671,308,328.81
19159,5068,25,493.29
19161,10021,38,379.2
19163,172126,210,122
19165,11927,17,142.53
19167,34937,57,163.15
19169,96021,118,122.89
19171,17337,80,461.44
19173,6205,22,354.55
19175,12469,50,400.99
19177,7344,62,844.23
19179,35173,116,329.8
19181,48626,190,390.74
19183,22247,96,431.52
19185,6385,36,563.82
19187,37071,140,377.65
19191,20709,21,101.41
19193,102782,208,202.37
19195,7569,33,435.99
19197,12773,25,195.73
20001,12717,65,511.13
20003,7808,39,499.49
20007,4823,25,518.35
20009,27103,89,328.38
20011,14712,43,292.28
20013,9776,21,214.81
20015,66741,350,524.42
20025,2096,17,811.07
20027,8347,7,83.86
20035,35788,155,433.11
20037,39217,179,456.43
20041,19303,129,668.29
20043,7797,9,115.43
20047,2968,15,505.39
20051,29029,46,158.46
20053,6343,55,867.1
20055,37118,163,439.14
20057,34536,72,208.48
20059,25609,207,808.31
20061,37030,47,126.92
20063,2640,11,416.67
20067,7733,15,193.97
20069,6133,46,750.04
20073,6244,97,1553.49
20075,2474,30,1212.61
20079,35073,35,99.79
20081,4064,22,541.34
20085,13338,137,1027.14
20087,18930,257,1357.63
20089,2970,18,606.06
20091,580159,270,46.54
20093,3956,86,2173.91
20095,7687,33,429.3
20097,2564,21,819.03
20099,20803,61,293.23
20107,9536,99,1038.17
20109,2825,11,389.38
20111,33339,74,221.96
20113,28941,51,176.22
20115,12103,49,404.86
20123,6282,31,493.47
20125,33314,27,81.05
20127,5645,28,496.01
20131,10227,56,547.57
20133,16346,38,232.47
20135,3005,26,865.22
20139,15847,14,88.34
20141,3683,27,733.1
20147,5428,10,184.23
20149,23298,204,875.61
20151,9691,25,257.97
20155,63718,210,329.58
20159,9977,32,320.74
20161,75247,263,349.52
20163,5174,19,367.22
20165,3130,42,1341.85
20167,7039,45,639.3
20173,511574,299,58.45
20175,23152,23,99.34
20177,178725,1045,584.7
20191,23535,168,713.83
20193,7904,23,290.99
20197,6951,91,1309.16
20201,5598,8,142.91
20203,2157,9,417.25
20205,8856,57,643.63
20207,3115,20,642.05
20209,163369,113,69.17
21001,19027,6,31.53
21003,20640,94,455.43
21005,21979,17,77.35
21007,8212,71,864.59
21009,43570,114,261.65
21011,12228,37,302.58
21013,27337,155,567
21015,127712,883,691.4
21017,20116,58,288.33
21019,48325,201,415.93
21021,29809,40,134.19
21023,8321,52,624.92
21025,13484,12,88.99
21027,20018,47,234.79
21029,78702,367,466.32
21031,12938,34,262.79
21033,12681,24,189.26
21035,38343,204,532.04
21037,92066,154,167.27
21039,4874,21,430.86
21041,10699,59,551.45
21043,27158,63,231.98
21045,15808,45,284.67
21047,73309,276,376.49
21049,35757,148,413.9
21051,21013,99,471.14
21053,10174,15,147.43
21055,9183,25,272.24
21057,6759,10,147.95
21059,99259,394,396.94
21061,12007,31,258.18
21063,7648,0,0
21065,14375,31,215.65
21067,314488,0,0
21069,14637,14,95.65
21071,37756,55,145.67
21073,50375,234,464.52
21075,6238,13,208.4
21077,8636,19,220.01
21079,17237,72,417.71
21081,24757,141,569.54
21083,37421,251,670.75
21085,26221,88,335.61
21087,11010,4,36.33
21089,36068,37,102.58
21091,8692,29,333.64
21093,106439,156,146.56
21095,27703,40,144.39
21097,18763,80,426.37
21099,18454,82,444.35
21101,46407,182,392.18
21103,15620,9,57.62
21105,4612,13,281.87
21107,46222,222,480.29
21109,13352,80,599.16
21111,763623,1,0.13
21113,51961,220,423.39
21115,23175,49,211.43
21117,165012,135,81.81
21119,15693,28,178.42
21121,31730,98,308.86
21123,14241,21,147.46
21125,60094,485,807.07
21127,15745,45,285.81
21129,6752,6,88.86
21131,10711,18,168.05
21133,23123,14,60.55
21135,13682,22,160.8
21137,24463,62,253.44
21139,9316,54,579.65
21141,26910,106,393.91
21143,8306,63,758.49
21145,65018,510,784.4
21147,17878,59,330.01
21149,9512,55,578.22
21151,87824,244,277.83
21153,12808,20,156.15
21155,19365,52,268.53
21157,31101,223,717.02
21159,12307,17,138.13
21161,17099,77,450.32
21163,27924,136,487.04
21165,6358,10,157.28
21167,21407,51,238.24
21169,9909,36,363.31
21171,10667,9,84.37
21173,27608,295,1068.53
21175,13275,16,120.53
21177,31183,80,256.55
21179,45126,235,520.76
21181,7131,2,28.05
21183,24216,135,557.48
21185,64875,480,739.88
21187,10730,30,279.59
21189,4461,16,358.66
21191,14408,64,444.2
21193,27565,59,214.04
21195,61792,35,56.64
21197,12269,8,65.2
21199,63782,345,540.9
21201,2138,8,374.18
21203,16942,43,253.81
21205,23892,73,305.54
21207,17662,66,373.68
21209,52420,169,322.4
21211,45632,262,574.16
21213,18006,42,233.26
21215,17894,43,240.3
21217,25420,161,633.36
21219,12531,46,367.09
21221,14233,104,730.7
21223,8769,11,125.44
21225,15050,38,252.49
21227,122851,576,468.86
21229,12063,49,406.2
21231,20464,43,210.13
21233,13170,21,159.45
21235,36129,185,512.05
21237,7259,18,247.97
21239,25793,14,54.28
22001,62577,623,995.57
22003,25683,19,73.98
22005,119455,1859,1556.23
22007,22842,285,1247.7
22011,36462,259,710.33
22013,13786,279,2023.79
22015,125175,531,424.21
22017,251460,317,126.06
22019,198788,4402,2214.42
22021,9993,245,2451.72
22027,16295,67,411.17
22029,20142,377,1871.71
22031,27052,430,1589.53
22033,446753,7084,1585.66
22035,7307,49,670.59
22037,19696,201,1020.51
22041,20410,201,984.81
22047,33095,541,1634.69
22049,15858,58,365.75
22051,436275,10858,2488.8
22053,31439,96,305.35
22057,98325,2315,2354.44
22061,47774,276,577.72
22063,137788,3498,2538.68
22065,11514,38,330.03
22067,26395,256,969.88
22069,39179,450,1148.57
22073,156761,2937,1873.55
22075,23495,145,617.15
22077,22251,440,1977.44
22079,132141,1838,1390.94
22081,8593,169,1966.72
22083,20523,52,253.37
22085,24186,221,913.75
22089,52812,895,1694.69
22091,10567,191,1807.51
22093,21567,430,1993.79
22095,43626,1058,2425.16
22097,83848,905,1079.33
22099,53835,783,1454.44
22101,52810,684,1295.21
22103,250088,1744,697.35
22105,128755,3038,2359.52
22107,4740,24,506.33
22115,50803,509,1001.91
22117,46371,931,2007.72
22119,40021,172,429.77
22121,25490,630,2471.56
22123,11293,90,796.95
22125,15385,94,610.98
22127,14568,95,652.11
23001,107233,113,105.38
23003,68628,83,120.94
23005,289977,314,108.28
23007,29991,44,146.71
23009,54659,76,139.04
23011,119980,195,162.53
23013,39855,161,403.96
23015,33969,153,450.41
23017,57202,248,433.55
23019,152692,231,151.28
23021,16931,49,289.41
23023,35149,66,187.77
23025,51113,329,643.67
23027,39155,88,224.75
23029,31625,96,303.56
23031,201169,311,154.6
24001,72528,221,304.71
24003,564195,11174,1980.52
24005,831128,24964,3003.63
24009,90595,871,961.42
24011,32579,196,601.61
24015,102382,467,456.13
24017,156118,2752,1762.77
24019,32384,152,469.37
24021,245322,1379,562.12
24023,29460,219,743.38
24025,250290,1876,749.53
24027,313414,4815,1536.31
24029,19787,99,500.33
24031,1040116,15700,1509.45
24033,909535,12733,1399.95
24035,48904,362,740.23
24037,111413,1865,1673.95
24039,25768,46,178.52
24041,37512,130,346.56
24043,149585,1335,892.47
24045,102370,536,523.59
24047,51540,263,510.28
26001,10349,72,695.72
26003,9383,5,53.29
26005,114625,635,553.98
26007,28803,74,256.92
26009,23154,163,703.98
26011,15261,96,629.05
26013,8575,18,209.91
26015,59314,387,652.46
26017,105659,490,463.76
26019,17457,57,326.52
26021,154636,806,521.22
26023,43664,132,302.31
26027,51657,0,0
26029,26238,126,480.22
26031,25427,52,204.51
26033,38033,17,44.7
26037,77390,111,143.43
26039,13801,116,840.52
26041,36377,50,137.45
26043,25788,1,3.88
26045,108801,1135,1043.19
26047,33161,122,367.9
26049,410849,155,37.73
26051,25164,146,580.19
26053,15431,33,213.86
26055,91636,655,714.78
26057,41540,307,739.05
26059,45941,203,441.87
26063,31883,107,335.6
26065,286085,661,231.05
26067,64223,278,432.87
26069,25345,4,15.78
26071,11348,0,0
26073,70698,303,428.58
26077,260263,2819,1083.14
26081,636369,2715,426.64
26083,2168,14,645.76
26087,88373,235,265.92
26089,21981,46,209.27
26091,98573,214,217.1
26093,187316,479,255.72
26095,6415,119,1855.03
26097,10890,117,1074.38
26099,864840,1318,152.4
26101,24461,157,641.84
26103,67215,102,151.75
26105,28783,174,604.52
26107,43067,477,1107.58
26109,23548,82,348.22
26111,83632,306,365.89
26113,14903,77,516.67
26117,62945,127,201.76
26119,9259,26,280.81
26121,172790,489,283
26123,47948,281,586.05
26125,1242304,60,4.83
26127,26105,232,888.72
26129,20937,150,716.44
26131,6007,22,366.24
26133,23058,171,741.61
26135,8251,92,1115.02
26137,24253,2,8.25
26139,279955,2652,947.3
26141,12841,43,334.86
26145,193307,621,321.25
26147,159875,686,429.09
26149,61018,291,476.91
26151,41475,121,291.74
26153,8173,5,61.18
26155,68619,167,243.37
26157,53777,221,410.96
26159,75077,473,630.02
26161,358880,2229,621.1
26163,1759335,21,1.19
26165,33003,285,863.56
27001,15702,178,1133.61
27003,344151,1011,293.77
27005,33386,163,488.23
27007,45672,318,696.27
27009,39710,182,458.32
27011,5040,14,277.78
27013,65787,129,196.09
27015,25313,36,142.22
27017,35569,178,500.44
27019,98741,535,541.82
27021,28706,523,1821.92
27023,12109,3,24.77
27025,54293,164,302.06
27027,62324,65,104.29
27029,8803,57,647.51
27031,5194,57,1097.42
27033,11549,15,129.88
27035,63428,225,354.73
27037,414686,65,15.67
27039,20364,115,564.72
27041,37075,198,534.05
27043,14050,39,277.58
27045,20834,68,326.39
27047,30613,95,310.33
27049,46435,181,389.79
27051,5903,8,135.52
27053,1223149,64,5.23
27055,18773,34,181.11
27057,20655,188,910.19
27059,38429,247,642.74
27061,45435,180,396.17
27063,10079,36,357.18
27067,42542,195,458.37
27069,4424,0,0
27071,12841,38,295.93
27073,6856,20,291.72
27075,10631,19,178.72
27077,3923,15,382.36
27079,27663,64,231.36
27083,25673,38,148.02
27085,35932,66,183.68
27087,5457,52,952.9
27091,20022,14,69.92
27093,23102,107,463.16
27095,25788,388,1504.58
27097,32775,205,625.48
27099,39116,77,196.85
27101,8413,8,95.09
27103,33347,59,176.93
27105,21770,41,188.33
27107,6678,0,0
27109,151436,268,176.97
27111,57716,244,422.76
27113,14219,47,330.54
27115,29069,701,2411.5
27117,9271,85,916.84
27119,31533,201,637.43
27121,11041,55,498.14
27123,538133,1390,258.3
27125,4055,19,468.56
27127,15471,50,323.19
27129,14892,86,577.49
27131,65400,160,244.65
27133,9600,64,666.67
27135,15770,37,234.62
27137,200431,616,307.34
27139,141660,29,20.47
27141,91705,302,329.32
27143,14875,3,20.17
27145,154708,185,119.58
27147,36755,88,239.42
27149,9796,35,357.29
27151,9340,4,42.83
27153,24257,157,647.24
27155,3401,18,529.26
27157,21239,29,136.54
27159,13875,20,144.14
27161,18989,59,310.71
27163,251597,631,250.8
27165,10952,34,310.45
27167,6396,20,312.7
27169,50885,85,167.04
27171,131311,1494,1137.76
27173,9875,38,384.81
28019,8299,63,759.13
28021,9150,108,1180.33
28033,173323,394,227.32
28039,23373,336,1437.56
28045,46420,544,1171.91
28047,201410,929,461.25
28049,242891,494,203.38
28059,141425,1523,1076.9
28073,60618,724,1194.36
28075,78524,437,556.52
28083,30999,250,806.48
28085,34649,330,952.41
28089,103465,223,215.53
28105,49800,464,931.73
28131,18070,221,1223.02
28141,19552,130,664.89
28143,10343,383,3702.99
29001,25378,102,401.92
29003,17296,42,242.83
29013,16446,154,936.4
29015,18670,236,1264.06
29021,89100,254,285.07
29025,9014,107,1187.04
29029,44237,502,1134.8
29033,8992,38,422.6
29035,6263,75,1197.51
29039,13934,89,638.73
29043,83279,314,377.05
29049,20609,69,334.81
29051,76720,415,540.93
29057,7595,110,1448.32
29059,16393,28,170.8
29061,8253,46,557.37
29063,12687,56,441.4
29065,15593,83,532.29
29071,102426,37,36.12
29073,14858,227,1527.8
29075,6692,31,463.24
29079,10097,17,168.37
29081,8615,36,417.88
29083,21737,345,1587.16
29085,9201,82,891.21
29089,10139,52,512.87
29091,40117,419,1044.44
29093,10125,67,661.73
29099,224124,3108,1386.73
29105,35473,382,1076.88
29109,38180,241,631.22
29115,12308,28,227.49
29117,15028,28,186.32
29121,15335,70,456.47
29123,12408,0,0
29129,3694,2,54.14
29149,10953,120,1095.59
29153,9409,65,690.83
29155,17482,102,583.46
29157,19183,70,364.91
29165,96096,338,351.73
29167,31229,360,1152.77
29169,53221,503,945.12
29173,10196,112,1098.47
29175,25104,112,446.14
29183,385590,896,232.37
29185,9440,126,1334.75
29186,17919,181,1010.1
29189,1003362,9898,986.48
29197,4436,40,901.71
29203,8258,39,472.27
29205,6128,11,179.5
29207,29862,266,890.76
29213,54592,380,696.07
29215,25690,170,661.74
29223,13405,194,1447.22
29225,37483,187,498.89
29227,2057,12,583.37
30001,9300,7,75.27
30003,13242,99,747.62
30007,5689,58,1019.51
30009,10408,64,614.91
30011,1180,0,0
30013,82278,248,301.42
30017,12135,35,288.42
30021,9625,22,228.57
30023,9139,281,3074.73
30027,11427,45,393.8
30029,96165,1053,1094.99
30031,100739,478,474.49
30033,1314,0,0
30037,827,9,1088.27
30041,16572,168,1013.76
30043,11645,106,910.26
30047,29457,341,1157.62
30049,66418,393,591.71
30053,19052,91,477.64
30055,1683,4,237.67
30057,7915,60,758.05
30059,1830,14,765.03
30065,4582,39,851.16
30067,15972,38,237.92
30071,4169,67,1607.1
30077,6840,31,453.22
30079,1160,12,1034.48
30081,41373,331,800.04
30083,11960,46,384.62
30085,11476,125,1089.23
30089,11336,40,352.86
30093,34622,1492,4309.4
30095,9486,70,737.93
30097,3634,66,1816.18
30099,6104,37,606.16
30101,5087,81,1592.29
30105,7659,37,483.09
30107,2110,16,758.29
30111,157048,799,508.76
31001,31587,76,240.61
31005,456,0,0
31011,5315,17,319.85
31013,11337,18,158.77
31019,48863,100,204.65
31021,6585,23,349.28
31023,8115,34,418.98
31025,25512,165,646.75
31027,8564,30,350.3
31029,3956,8,202.22
31031,5848,11,188.1
31033,10167,21,206.55
31037,10520,36,342.21
31039,9125,9,98.63
31041,10806,41,379.42
31047,23886,54,226.07
31049,1921,9,468.51
31051,5797,32,552.01
31053,36706,95,258.81
31055,550064,676,122.89
31059,5619,21,373.73
31061,2985,10,335.01
31063,2624,27,1028.96
31065,4862,64,1316.33
31067,21900,88,401.83
31069,1918,11,573.51
31077,2429,0,0
31079,61680,148,239.95
31081,9190,22,239.39
31089,10313,3,29.09
31091,732,0,0
31095,7263,109,1500.76
31097,5173,44,850.57
31099,6585,46,698.56
31101,8063,20,248.05
31103,804,2,248.76
31107,8543,29,339.46
31109,306468,166,54.17
31111,35656,82,229.98
31119,35039,29,82.76
31121,7787,6,77.05
31127,7046,27,383.2
31135,2944,24,815.22
31141,32847,77,234.42
31143,5202,20,384.47
31151,14282,53,371.1
31153,175692,833,474.13
31155,21016,73,347.35
31157,36261,64,176.5
31159,17110,19,111.05
31163,3091,28,905.86
31167,5937,31,522.15
31169,5163,29,561.69
31173,7064,20,283.13
31175,4154,9,216.66
31177,20248,81,400.04
31179,9367,16,170.81
31183,750,1,133.33
31185,13806,24,173.84
32001,24200,206,851.24
32007,51935,233,448.64
32009,829,12,1447.53
32011,2016,49,2430.56
32013,17019,102,599.33
32015,5903,118,1998.98
32019,52585,701,1333.08
32021,4478,52,1161.23
32023,42477,828,1949.29
32027,6634,65,979.8
32029,3987,105,2633.56
32031,446903,839,187.74
33003,47285,53,112.09
33005,75909,7,9.22
33007,31212,8,25.63
33013,147994,2,1.35
33015,301777,3,0.99
33017,126825,7,5.52
34001,274219,0,0
34003,938506,48,5.11
34005,450226,0,0
34007,510923,46,9
34009,94727,0,0
34011,155854,1,0.64
34013,797434,266,33.36
34015,291479,0,0
34017,674836,0,0
34019,125488,0,0
34021,371398,16,4.31
34023,840900,0,0
34025,628715,8,1.27
34027,499509,0,0
34029,588721,8,1.36
34031,510916,0,0
34033,64180,0,0
34035,333654,2,0.6
34037,143673,0,0
34039,555786,0,0
34041,106869,0,0
35003,3456,16,462.96
35005,65764,277,421.2
35006,27329,49,179.3
35007,12414,11,88.61
35011,1828,19,1039.39
35017,28609,136,475.37
35019,4371,6,137.27
35023,4423,27,610.45
35025,71180,402,564.77
35027,19420,161,829.04
35029,24518,285,1162.41
35031,76708,405,527.98
35035,64362,421,654.11
35037,8455,14,165.58
35043,139394,2,1.43
35045,118737,246,207.18
35049,148686,517,347.71
35051,11282,114,1010.46
35053,17256,76,440.43
35055,32907,121,367.7
35057,15485,170,1097.84
35059,4201,17,404.67
35061,75737,1283,1694.02
36001,309381,146,47.19
36003,47462,10,21.07
36007,196567,537,273.19
36009,77922,250,320.83
36013,130779,461,352.5
36015,87071,230,264.15
36017,48844,306,626.48
36019,81251,45,55.38
36021,61509,276,448.71
36025,46053,173,375.65
36027,295754,391,132.2
36029,922578,555,60.16
36031,38478,6,15.59
36033,50660,0,0
36035,53992,310,574.16
36039,47625,39,81.89
36041,4712,7,148.56
36043,63100,1,1.58
36045,117635,255,216.77
36049,26957,66,244.83
36051,64717,315,486.73
36053,71849,105,146.14
36055,749600,2550,340.18
36057,49642,218,439.14
36059,1361350,10834,795.83
36063,212652,531,249.7
36065,232500,379,163.01
36067,468463,1709,364.81
36069,109561,738,673.6
36071,377647,130,34.42
36075,120146,301,250.53
36077,60636,42,69.27
36079,99042,145,146.4
36083,160266,248,154.74
36089,111007,36,32.43
36095,31330,23,73.41
36097,18186,15,82.48
36099,34833,45,129.19
36101,97631,56,57.36
36103,1501587,16011,1066.27
36105,74877,300,400.66
36107,49453,147,297.25
36111,180143,166,92.15
36115,62230,97,155.87
36117,91446,396,433.04
36119,976396,229,23.45
36121,41013,113,275.52
36123,25048,110,439.16
37001,158276,767,484.6
37003,37325,515,1379.77
37005,10837,91,839.72
37007,25759,207,803.6
37009,27020,208,769.8
37011,17689,197,1113.69
37017,34318,546,1591
37021,253178,2049,809.31
37023,88842,1155,1300.06
37025,196762,678,344.58
37027,81287,1274,1567.29
37029,10309,85,824.52
37031,68879,709,1029.34
37037,70928,538,758.52
37039,27178,831,3057.62
37041,14394,116,805.89
37049,103451,1038,1003.37
37051,323838,2422,747.9
37053,25263,331,1310.22
37055,35663,251,703.81
37069,63710,693,1087.74
37071,213442,22,10.31
37073,11431,373,3263.06
37079,21134,364,1722.34
37081,517600,1269,245.17
37087,59868,953,1591.84
37089,112655,212,188.19
37097,169866,901,530.42
37099,41265,1615,3913.73
37101,185660,1074,578.48
37111,44989,940,2089.4
37113,34201,501,1464.87
37115,21139,192,908.27
37121,15246,57,373.87
37125,94352,642,680.43
37129,220358,1772,804.15
37133,186311,1987,1066.5
37137,12781,231,1807.37
37139,39829,297,745.69
37145,39259,413,1051.99
37147,175842,1053,598.83
37153,45437,1185,2608.01
37155,134197,3242,2415.85
37157,91758,770,839.16
37159,139142,1148,825.06
37163,63724,1072,1682.25
37165,35509,384,1081.42
37167,60714,505,831.77
37173,14434,269,1863.66
37175,33211,295,888.26
37177,4070,27,663.39
37179,222742,2222,997.57
37181,44568,671,1505.56
37183,1024198,1591,155.34
37185,20155,256,1270.16
37189,52906,296,559.48
37191,124132,1387,1117.36
37193,68502,808,1179.53
37197,37585,517,1375.55
37199,17587,52,295.67
38001,2359,11,466.3
38003,11099,20,180.2
38005,6753,14,207.32
38007,936,6,641.03
38009,6716,59,878.5
38011,3294,11,333.94
38013,2308,2,86.66
38015,92991,109,117.22
38017,171512,159,92.7
38019,3828,13,339.6
38021,5104,8,156.74
38023,2450,8,326.53
38025,4646,19,408.95
38027,2365,21,887.95
38029,3402,31,911.23
38031,3356,10,297.97
38033,1845,0,0
38035,70916,104,146.65
38037,2388,6,251.26
38039,2314,9,388.94
38041,2704,23,850.59
38043,2417,7,289.62
38045,4125,7,169.7
38047,1935,2,103.36
38049,5968,40,670.24
38051,2759,0,0
38053,12826,182,1418.99
38055,9744,91,933.91
38057,8853,17,192.03
38059,30310,116,382.71
38061,10331,60,580.78
38063,2968,20,673.85
38065,1846,3,162.51
38067,7091,42,592.3
38069,4312,11,255.1
38071,11630,21,180.57
38073,5448,29,532.31
38075,2571,26,1011.28
38077,16402,102,621.88
38079,14649,42,286.71
38081,3876,28,722.39
38083,1310,5,381.68
38085,4370,0,0
38087,767,1,130.38
38089,32154,60,186.6
38091,1956,1,51.12
38093,21103,35,165.85
38095,2272,16,704.23
38097,8014,57,711.26
38099,10897,103,945.21
38101,71275,220,308.66
38103,4168,10,239.92
38105,35294,181,512.84
39001,28024,194,692.26
39003,104425,620,593.73
39005,53213,140,263.09
39007,98632,489,495.78
39011,45876,48,104.63
39013,69154,247,357.17
39019,27811,73,262.49
39021,38987,178,456.56
39025,201973,1008,499.08
39029,104806,352,335.86
39031,36569,385,1052.8
39033,42306,95,224.55
39039,38352,131,341.57
39043,75550,190,251.49
39045,151408,1091,720.57
39047,28679,326,1136.72
39049,1251722,181,14.46
39053,30142,326,1081.55
39055,94102,144,153.03
39057,164427,384,233.54
39061,807598,2201,272.54
39063,75573,141,186.57
39065,31682,81,255.67
39067,15450,122,789.64
39071,43026,343,797.19
39073,28491,374,1312.7
39079,32596,255,782.3
39081,67347,54,80.18
39083,61061,386,632.15
39087,61109,511,836.21
39089,170570,846,495.98
39091,45386,202,445.07
39093,305147,569,186.47
39095,433689,894,206.14
39097,44094,284,644.08
39099,231900,58,25.01
39101,65355,973,1488.79
39103,176395,177,100.34
39105,23257,246,1057.75
39109,104224,318,305.11
39111,14409,76,527.45
39113,532258,1330,249.88
39115,14777,109,737.63
39121,14326,41,286.19
39125,18976,134,706.16
39127,35985,137,380.71
39129,56998,568,996.53
39131,28217,497,1761.35
39133,162275,916,564.47
39137,34042,105,308.44
39139,121707,818,672.11
39141,77170,1155,1496.7
39145,76825,681,886.43
39149,48901,143,292.43
39151,375165,1651,440.07
39153,541968,1024,188.94
39157,92916,263,283.05
39159,54277,147,270.83
39161,28562,122,427.14
39163,13048,88,674.43
39167,61112,206,337.09
39169,116063,517,445.45
39173,129730,314,242.04
39175,22243,6,26.97
40001,22004,197,895.29
40003,5868,27,460.12
40005,13793,73,529.25
40007,5427,14,257.97
40009,23768,86,361.83
40011,9833,114,1159.36
40013,44884,351,782.02
40015,29343,177,603.21
40017,133378,170,127.46
40019,48689,237,486.76
40021,48447,530,1093.98
40023,14997,126,840.17
40025,2216,10,451.26
40027,274458,275,100.2
40029,5651,4,70.78
40031,124648,232,186.12
40033,5996,21,350.23
40035,14818,119,803.08
40037,70892,439,619.25
40039,29744,125,420.25
40041,41459,309,745.31
40043,4995,42,840.84
40045,4231,58,1370.83
40047,63569,169,265.85
40049,27755,299,1077.28
40051,54648,345,631.31
40053,4523,34,751.71
40057,2788,11,394.55
40061,12845,73,568.31
40063,13735,129,939.21
40065,25574,61,238.52
40067,6276,29,462.08
40069,10980,46,418.94
40071,45366,92,202.8
40073,15584,97,622.43
40075,9144,31,339.02
40077,10483,100,953.93
40079,49605,318,641.06
40081,35042,337,961.7
40083,45996,420,913.12
40085,9870,118,1195.54
40087,38066,307,806.49
40089,33048,347,1049.99
40091,19990,258,1290.65
40093,7771,35,450.39
40095,16232,228,1404.63
40097,40887,365,892.7
40099,13936,20,143.51
40101,69699,368,527.98
40103,11554,82,709.71
40105,10539,77,730.62
40107,12181,158,1297.1
40109,776864,262,33.73
40111,39187,258,658.38
40113,47887,388,810.24
40115,31981,137,428.38
40119,80850,246,304.27
40121,44610,477,1069.27
40123,38194,164,429.39
40125,71875,605,841.74
40127,11183,105,938.93
40129,3788,40,1055.97
40131,90802,581,639.85
40133,25548,286,1119.46
40135,41153,389,945.25
40137,44581,171,383.57
40139,21489,60,279.21
40141,7515,28,372.59
40143,639242,1152,180.21
40145,76559,343,448.02
40149,11661,66,565.99
40151,9304,29,311.69
40153,21559,80,371.07
41001,16005,69,431.12
41005,401515,5097,1269.44
41007,37831,194,512.81
41009,49600,546,1100.81
41011,63121,143,226.55
41013,21630,296,1368.47
41017,175268,740,422.21
41019,107685,1042,967.64
41021,1859,61,3281.33
41025,7200,22,305.56
41029,212567,1402,659.56
41031,22666,180,794.14
41033,84745,439,518.02
41037,7829,97,1238.98
41041,47038,315,669.67
41043,120547,761,631.29
41045,30380,209,687.95
41047,330700,2409,728.45
41049,11190,132,1179.62
41051,790294,1861,235.48
41053,79391,347,437.08
41055,1680,42,2500
41059,76531,453,591.92
41061,25790,217,841.41
41065,25775,154,597.48
41067,574326,2829,492.58
41071,102659,514,500.69
42003,1230459,3,0.24
42011,415271,5,1.2
42017,627367,1,0.16
42019,186818,0,0
42049,278045,6,2.16
42071,536624,1,0.19
42089,166397,0,0
42091,819264,0,0
42109,40444,0,0
42127,51198,0,0
45003,165829,3188,1922.46
45005,9433,60,636.06
45007,194692,5278,2710.95
45009,14880,170,1142.47
45011,21725,349,1606.44
45013,179589,2456,1367.57
45017,14781,356,2408.5
45019,389262,1978,508.14
45023,32267,640,1983.45
45027,33775,805,2383.42
45029,37731,940,2491.32
45031,67548,2239,3314.68
45033,31234,714,2285.97
45035,152478,2163,1418.57
45039,22747,619,2721.24
45041,138900,2841,2045.36
45043,61298,1173,1913.6
45045,491863,9628,1957.46
45049,20049,330,1645.97
45051,309199,6978,2256.8
45055,63603,1361,2139.84
45057,85842,1961,2284.43
45059,66623,1197,1796.68
45061,17896,370,2067.5
45063,281833,5640,2001.19
45065,9706,85,875.75
45067,31747,533,1678.9
45069,27494,448,1629.45
45071,38012,390,1025.99
45073,75713,1752,2314
45075,89208,3405,3816.92
45077,121691,1636,1344.39
45079,407051,10915,2681.48
45081,20053,241,1201.82
45083,297302,6462,2173.55
45085,107480,1927,1792.89
45087,27777,429,1544.44
45091,251195,2942,1171.2
46003,2733,6,219.54
46005,18372,11,59.87
46007,3423,6,175.28
46009,6985,15,214.75
46011,33897,54,159.31
46013,38785,49,126.34
46015,5281,4,75.74
46019,10283,35,340.37
46023,9383,30,319.73
46025,3659,6,163.98
46027,13964,57,408.19
46029,27939,25,89.48
46031,4197,27,643.32
46033,8446,143,1693.11
46035,19858,17,85.61
46037,5539,37,667.99
46039,4333,17,392.34
46045,3999,0,0
46049,2337,7,299.53
46053,4201,7,166.63
46057,6047,34,562.26
46059,3348,5,149.34
46061,3385,11,324.96
46065,17555,13,74.05
46067,7301,6,82.18
46073,1997,10,500.75
46075,924,2,216.45
46077,4990,4,80.16
46079,12622,21,166.38
46081,24827,46,185.28
46083,52849,306,579.01
46085,3876,13,335.4
46087,5599,29,517.95
46089,2415,26,1076.6
46091,4769,21,440.34
46093,26986,177,655.9
46095,2050,6,292.68
46097,2236,6,268.34
46099,185197,373,201.41
46101,6430,5,77.76
46103,108702,474,436.05
46105,3019,12,397.48
46107,2320,6,258.62
46109,10311,18,174.57
46111,2355,10,424.63
46115,6524,97,1486.82
46117,2954,10,338.52
46119,1426,13,911.64
46123,5434,6,110.42
46125,8209,63,767.45
46127,14909,53,355.49
46129,5443,5,91.86
46135,22702,60,264.29
46137,2803,0,0
47001,75749,616,813.21
47003,47183,325,688.81
47005,16129,132,818.4
47007,14502,73,503.38
47009,127253,1425,1119.82
47011,104091,1013,973.19
47013,39752,397,998.69
47015,13840,108,780.35
47017,27910,198,709.42
47019,56486,397,702.83
47021,39741,367,923.48
47023,17471,104,595.27
47025,31709,341,1075.4
47027,7771,54,694.89
47031,54277,490,902.78
47033,14601,135,924.59
47035,58229,779,1337.82
47039,11660,130,1114.92
47041,19182,134,698.57
47043,51487,455,883.72
47045,37893,202,533.08
47047,39165,264,674.07
47049,17917,216,1205.56
47051,41449,336,810.63
47053,49399,216,437.26
47055,28946,235,811.86
47057,22846,203,888.56
47059,68580,1056,1539.81
47061,13441,322,2395.66
47063,63402,582,917.95
47067,6572,131,1993.3
47069,25707,224,871.36
47071,25756,383,1487.03
47073,56471,664,1175.82
47075,18023,169,937.69
47077,28015,378,1349.28
47079,32147,345,1073.2
47081,24363,478,1961.99
47083,8149,98,1202.6
47085,18135,123,678.25
47087,11509,107,929.71
47089,53240,525,986.1
47091,17830,166,931.02
47093,451324,3990,884.07
47095,7576,29,382.79
47097,26936,237,879.86
47099,42564,316,742.41
47101,11854,88,742.37
47103,33743,348,1031.33
47105,51130,447,874.24
47107,52639,642,1219.63
47109,26066,331,1269.85
47111,23177,200,862.92
47113,97610,483,494.83
47115,28487,279,979.39
47117,31552,100,316.94
47119,87757,571,650.66
47121,11830,345,2916.31
47123,45771,1107,2418.56
47125,193479,675,348.88
47127,6322,65,1028.16
47129,21498,360,1674.57
47131,30639,211,688.66
47133,22129,148,668.81
47135,7929,72,908.06
47137,5146,36,699.57
47139,16773,336,2003.22
47141,74553,603,808.82
47143,32526,258,793.21
47145,52753,298,564.9
47147,68570,318,463.76
47149,298612,951,318.47
47151,21950,188,856.49
47153,14811,184,1242.32
47155,95946,989,1030.79
47157,938069,3042,324.28
47159,19295,191,989.89
47161,13259,110,829.63
47163,156791,1271,810.63
47165,175989,522,296.61
47167,61870,588,950.38
47169,8042,172,2138.77
47171,17860,137,767.08
47173,19119,226,1182.07
47175,5677,33,581.29
47179,126302,921,729.2
47181,16748,107,638.88
47183,33960,143,421.08
47185,26521,306,1153.8
47187,211672,408,192.75
47189,128911,640,496.47
48001,57580,393,682.53
48005,88255,664,752.37
48007,25350,300,1183.43
48015,29563,100,338.26
48017,7210,39,540.92
48019,21269,280,1316.47
48021,80527,861,1069.21
48025,32874,180,547.55
48027,334941,713,212.87
48029,1897753,5989,315.58
48033,648,11,1697.53
48035,17891,98,547.76
48037,93389,433,463.65
48039,346312,1495,431.69
48041,215037,335,155.79
48043,9145,17,185.89
48045,1505,3,199.34
48047,7230,1,13.83
48049,37896,220,580.54
48051,17460,120,687.29
48053,45463,273,600.49
48055,40522,139,343.02
48057,21895,125,570.91
48059,13557,49,361.44
48061,422156,1099,260.33
48063,12682,76,599.27
48065,5969,47,787.4
48067,30313,206,679.58
48069,7656,53,692.27
48071,38863,637,1639.09
48073,51542,423,820.69
48075,7088,8,112.87
48077,10360,119,1148.65
48079,2953,30,1015.92
48081,3238,16,494.13
48085,914127,404,44.2
48087,3044,136,4467.81
48091,129048,736,570.33
48093,13430,61,454.21
48095,4081,19,465.57
48097,39229,133,339.03
48099,75503,58,76.82
48105,3710,20,539.08
48109,2236,0,0
48111,7121,1,14.04
48113,2553385,350,13.71
48115,13520,66,488.17
48117,18952,68,358.8
48119,5217,28,536.71
48121,780612,535,68.54
48123,20797,153,735.68
48127,10980,150,1366.12
48129,3499,34,971.71
48131,11388,116,1018.62
48133,18171,27,148.59
48135,159436,1695,1063.12
48137,1894,7,369.59
48141,835593,900,107.71
48143,41122,445,1082.15
48145,17142,143,834.21
48147,33693,236,700.44
48149,25110,134,533.65
48153,5901,37,627.01
48157,716087,5484,765.83
48161,19691,153,777
48163,18793,69,367.16
48165,20051,99,493.74
48167,322225,850,263.79
48169,6415,45,701.48
48171,25963,67,258.06
48175,7531,101,1341.12
48177,20573,141,685.36
48179,23210,74,318.83
48181,125467,433,345.11
48183,124108,457,368.23
48187,151249,493,325.95
48189,34360,80,232.83
48191,3138,10,318.67
48193,8159,19,232.87
48195,5610,12,213.9
48197,3840,18,468.75
48199,55865,323,578.18
48201,4538028,49855,1098.6
48203,66746,497,744.61
48205,6193,10,161.47
48207,5737,9,156.88
48209,194739,783,402.08
48211,4264,15,351.78
48213,79545,725,911.43
48215,842304,3759,446.28
48217,34855,265,760.29
48219,23433,84,358.47
48221,55423,411,741.57
48223,36223,88,242.94
48225,22785,104,456.44
48227,37206,326,876.2
48229,3379,22,651.08
48231,89844,920,1024
48233,21734,82,377.29
48237,8878,45,506.87
48239,14816,57,384.72
48241,35506,475,1337.8
48245,254308,417,163.97
48247,5200,25,480.77
48251,159990,865,540.66
48253,19970,64,320.48
48255,14975,102,681.14
48257,114690,893,778.62
48259,40384,123,304.58
48261,407,8,1965.6
48265,50955,250,490.63
48267,4388,6,136.74
48271,3549,1,28.18
48277,49440,163,329.69
48279,13385,67,500.56
48281,20588,95,461.43
48283,7631,49,642.12
48285,19836,73,368.02
48287,16898,111,656.88
48289,17086,127,743.3
48293,23320,90,385.93
48299,19796,174,878.97
48303,299453,347,115.88
48305,5724,3,52.41
48307,8341,44,527.51
48309,245671,569,231.61
48313,14065,74,526.13
48319,4032,18,446.43
48321,36770,394,1071.53
48325,48417,452,933.56
48327,2164,4,184.84
48331,24513,100,407.95
48333,4900,34,693.88
48335,9067,26,286.75
48337,19262,116,602.22
48339,537559,5712,1062.58
48341,22255,45,202.2
48343,12516,82,655.16
48347,65664,328,499.51
48349,48323,300,620.82
48351,13986,120,858
48353,15107,35,231.68
48355,359715,221,61.44
48357,10747,22,204.71
48359,2069,6,290
48363,27895,77,276.04
48365,23766,286,1203.4
48367,126042,851,675.17
48371,16203,99,611
48373,46972,747,1590.31
48379,11161,56,501.75
48381,130269,310,237.97
48383,3792,39,1028.48
48385,3307,62,1874.81
48391,7289,55,754.56
48393,916,2,218.34
48395,16659,124,744.34
48397,90861,104,114.46
48399,10551,12,113.73
48401,53070,475,895.04
48403,10368,87,839.12
48405,8473,70,826.15
48407,27413,374,1364.32
48409,67357,203,301.38
48413,3211,17,529.43
48415,17615,51,289.53
48419,25402,229,901.5
48421,3072,3,97.66
48423,222936,1788,802.02
48425,8739,34,389.06
48427,63795,311,487.5
48429,9440,22,233.05
48433,1410,1,70.92
48435,3913,1,25.56
48437,7533,31,411.52
48439,1982498,865,43.63
48441,136051,128,94.08
48445,12739,31,243.35
48449,32623,212,649.85
48451,118105,286,242.16
48453,1176558,4030,342.52
48457,21347,319,1494.36
48461,3651,33,903.86
48463,27245,101,370.71
48465,48988,116,236.79
48469,92382,493,533.65
48471,70699,238,336.64
48475,11721,245,2090.27
48477,34765,190,546.53
48481,41486,298,718.31
48483,5657,16,282.84
48485,131705,164,124.52
48487,13027,15,115.15
48489,21903,147,671.14
48491,508514,1529,300.68
48493,47520,248,521.89
48495,8005,89,1111.81
48497,62953,406,644.93
48499,43356,300,691.95
48501,8546,21,245.73
48503,18270,47,257.25
48505,14374,235,1634.9
48507,12235,44,359.62
49003,52097,143,274.49
49005,120783,182,150.68
49007,20479,103,502.95
49011,336043,263,78.26
49019,9516,95,998.32
49021,48368,168,347.34
49023,10594,57,538.04
49025,7131,31,434.72
49027,12645,233,1842.63
49029,11065,4,36.15
49033,2311,21,908.7
49035,1107314,8733,788.67
49037,15772,44,278.98
49039,28778,115,399.61
49041,20984,106,505.15
49043,39633,432,1090
49045,62952,230,365.36
49047,37928,213,561.59
49049,575205,410,71.28
49051,29161,122,418.37
49053,155602,166,106.68
49057,243645,1057,433.83
50003,36317,8,22.03
50005,30780,3,9.75
50009,6163,18,292.07
50011,48799,32,65.58
50013,6861,31,451.83
50015,25235,68,269.47
50017,28899,24,83.05
50019,27100,75,276.75
50021,59736,15,25.11
50023,58612,2,3.41
50025,43386,25,57.62
50027,55737,15,26.91
51001,32973,433,1313.2
51003,105703,1383,1308.38
51005,15677,102,650.63
51007,12903,198,1534.53
51009,31914,430,1347.37
51011,15414,105,681.2
51013,229164,3383,1476.24
51015,74314,891,1198.97
51017,4470,10,223.71
51019,77724,538,692.19
51021,6561,42,640.15
51023,33347,276,827.66
51025,16698,90,538.99
51027,22776,328,1440.11
51029,17032,135,792.63
51033,29984,281,937.17
51035,29724,202,679.59
51036,7040,44,625
51037,12201,142,1163.84
51041,335687,6299,1876.45
51043,14363,70,487.36
51045,5211,22,422.18
51049,9719,52,535.03
51051,15115,50,330.8
51053,27852,380,1364.35
51057,11130,63,566.04
51059,1142234,14236,1246.33
51061,68782,324,471.05
51063,15651,101,645.33
51065,26235,193,735.66
51067,56264,621,1103.73
51069,83199,990,1189.92
51071,16708,139,831.94
51073,37143,431,1160.38
51075,22253,173,777.42
51077,16012,195,1217.84
51079,19162,214,1116.79
51081,11885,89,748.84
51083,35125,254,723.13
51085,103227,1052,1019.11
51087,325155,8343,2565.85
51089,51881,1241,2392.01
51091,2214,11,496.84
51093,36314,223,614.09
51095,73147,779,1064.98
51097,7158,43,600.73
51099,25515,242,948.46
51101,16269,98,602.37
51103,10965,79,720.47
51105,24742,149,602.21
51107,375629,2702,719.33
51109,34602,372,1075.08
51111,12299,57,463.45
51113,13134,79,601.49
51115,8862,62,699.62
51117,31081,238,765.74
51119,10606,125,1178.58
51121,97653,369,377.87
51125,14785,192,1298.61
51127,20392,238,1167.12
51131,12155,65,534.76
51133,12232,90,735.78
51135,15673,86,548.71
51137,35385,148,418.26
51139,23726,181,762.88
51141,18045,321,1778.89
51143,62194,504,810.37
51145,28031,309,1102.35
51147,22952,76,331.13
51149,37862,412,1088.16
51153,451721,5510,1219.78
51155,34332,779,2269.02
51157,7378,20,271.08
51161,94409,1394,1476.55
51163,22354,270,1207.84
51165,78593,410,521.67
51167,27891,213,763.69
51169,22126,222,1003.34
51171,43190,283,655.24
51173,31470,215,683.19
51175,18109,222,1225.91
51177,130475,971,744.2
51179,142003,1765,1242.93
51181,6709,19,283.2
51183,11715,82,699.96
51185,42899,324,755.26
51187,39083,188,481.03
51191,54591,640,1172.35
51193,17629,80,453.8
51195,39718,313,788.06
51197,29119,219,752.09
51199,67837,953,1404.84
53001,19254,111,576.5
53003,22105,141,637.86
53005,190309,459,241.19
53007,75644,365,482.52
53009,73486,510,694.01
53011,459495,2419,526.45
53013,3944,81,2053.75
53015,103468,349,337.3
53017,40534,240,592.1
53019,7582,29,382.48
53021,88807,142,159.9
53025,93259,932,999.37
53027,71122,297,417.59
53029,80593,429,532.3
53031,30466,255,837
53033,2117125,4228,199.7
53035,260131,3481,1338.17
53037,43269,150,346.67
53039,21026,80,380.48
53041,75882,559,736.67
53043,10321,97,939.83
53045,61023,1041,1705.91
53047,41516,196,472.11
53049,20848,158,757.87
53051,13088,145,1107.89
53053,843954,7974,944.84
53055,16252,114,701.45
53057,121846,831,682.01
53059,11339,144,1269.95
53061,772501,4863,629.51
53063,490945,2861,582.75
53065,43791,373,851.77
53067,269536,1792,664.85
53069,4042,36,890.65
53071,60338,286,474
53075,48177,42,87.18
53077,248830,1619,650.65
54003,111901,143,127.79
54009,23350,11,47.11
54013,7470,10,133.87
54017,8176,33,403.62
54019,44997,396,880.06
54025,35516,77,216.8
54027,23353,143,612.34
54029,29815,9,30.19
54031,13852,46,332.08
54035,29237,70,239.42
54037,56482,254,449.7
54039,188332,1741,924.43
54041,16448,25,151.99
54045,34707,135,388.97
54047,19835,7,35.29
54051,31978,76,237.66
54055,61164,389,636
54057,27451,42,153
54061,104236,623,597.68
54063,13506,34,251.74
54065,17524,130,741.84
54067,25594,133,519.65
54077,33940,143,421.33
54083,29126,254,872.07
54087,14435,6,41.57
54089,13239,35,264.37
54097,24758,14,56.55
54103,15816,63,398.33
54105,5880,36,612.24
54107,86452,594,687.09
54109,22151,136,613.97
55001,20148,276,1369.86
55003,15843,63,397.65
55005,45563,147,322.63
55007,14977,99,661.01
55009,258718,706,272.88
55011,13192,10,75.8
55013,15159,257,1695.36
55015,49762,84,168.8
55017,63531,252,396.66
55019,34445,111,322.25
55021,56743,235,414.15
55023,16391,115,701.6
55025,523643,782,149.34
55027,88502,188,212.42
55029,27554,67,243.16
55031,43601,171,392.19
55033,44497,129,289.91
55035,102105,221,216.44
55037,4464,27,604.84
55039,101973,230,225.55
55041,9057,60,662.47
55043,52250,171,327.27
55045,37186,63,169.42
55047,18856,53,281.08
55049,23813,51,214.17
55051,5794,49,845.7
55053,20554,142,690.86
55055,84559,266,314.57
55057,26224,191,728.34
55059,168437,303,179.89
55061,20366,55,270.06
55063,118212,141,119.28
55069,27980,94,335.95
55071,79806,163,204.25
55073,135868,360,264.96
55075,40884,208,508.76
55077,15075,78,517.41
55079,957735,199,20.78
55081,45549,131,287.6
55083,37435,231,617.07
55085,35567,178,500.46
55087,183245,302,164.81
55089,87850,89,101.31
55091,7290,36,493.83
55093,40889,103,251.9
55095,43441,202,465
55097,70408,178,252.81
55099,13645,77,564.31
55105,161448,300,185.82
55107,14124,57,403.57
55109,87513,300,342.81
55111,63642,331,520.1
55113,16376,143,873.23
55117,115569,298,257.85
55119,20455,77,376.44
55121,29550,93,314.72
55123,30506,80,262.24
55125,21387,105,490.95
55127,102804,162,157.58
55129,15552,142,913.07
55131,133674,199,148.87
55133,396488,363,91.55
55135,51945,350,673.79
55137,24033,194,807.22
55139,169546,173,102.04
55141,73435,141,192.01
56001,37956,34,89.58
56003,12022,23,191.32
56005,49220,191,388.05
56007,15559,47,302.08
56009,14236,45,316.1
56011,7444,21,282.11
56013,40315,196,486.17
56015,13383,37,276.47
56017,4741,10,210.93
56019,8585,26,302.85
56021,97121,135,139
56025,82178,193,234.86
56027,2542,14,550.75
56029,29228,80,273.71
56031,8812,44,499.32
56033,30009,50,166.62
56035,9899,48,484.9
56037,44626,99,221.84
56041,20822,42,201.71
56043,8328,24,288.18
56045,7234,1,13.82